https://www.cnbc.com/quotes/AXP,
https://www.cnbc.com/quotes/AMGN,
https://www.cnbc.com/quotes/AAPL,
https://www.cnbc.com/quotes/BA,
https://www.cnbc.com/quotes/CAT,
https://www.cnbc.com/quotes/CSCO,
https://www.cnbc.com/quotes/CVX,
https://www.cnbc.com/quotes/GS,
https://www.cnbc.com/quotes/HD,
https://www.cnbc.com/quotes/HON,
https://www.cnbc.com/quotes/IBM,
https://www.cnbc.com/quotes/INTC,
https://www.cnbc.com/quotes/JNJ,
https://www.cnbc.com/quotes/KO,
https://www.cnbc.com/quotes/JPM,
https://www.cnbc.com/quotes/MCD,
https://www.cnbc.com/quotes/MMM,
https://www.cnbc.com/quotes/MRK,
https://www.cnbc.com/quotes/MSFT,
https://www.cnbc.com/quotes/NKE,
https://www.cnbc.com/quotes/PG,
https://www.cnbc.com/quotes/TRV,
https://www.cnbc.com/quotes/UNH,
https://www.cnbc.com/quotes/CRM,
https://www.cnbc.com/quotes/VZ,
https://www.cnbc.com/quotes/V,
https://www.cnbc.com/quotes/WBA,
https://www.cnbc.com/quotes/WMT,
https://www.cnbc.com/quotes/DIS,
https://www.cnbc.com/quotes/DOW
